Description,Price,Rating,No.of Reviews,Url
"Yogabar Super Muesli, No Added or Hidden Sugar, Breakfast Muesli with Probiotics & Prebiotics, 82% Almonds + Whole Grains + Chia Seeds + Flax Seeds, 700g",₹414,4.3 out of 5 stars,"1,813",https://www.amazon.in/gp/slredirect/picassoRedirect.html/ref=pa_sp_atf_aps_sr_pg1_1?ie=UTF8&adId=A05120903JBK2ZU5V00XY&url=%2FYogabar-Breakfast-Probiotics-Prebiotics-Almonds%2Fdp%2FB08TQN1KCV%2Fref%3Dsr_1_1_sspa%3Fdchild%3D1%26keywords%3DMuesli%26qid%3D1628942947%26sr%3D8-1-spons%26psc%3D1&qualifier=1628942947&id=6090057748952332&widgetName=sp_atf
"Bagrry's Crunchy Muesli Fruit and Nut with Cranberries, 1000 GM, Jar",₹599,4.3 out of 5 stars,"2,167",https://www.amazon.in/gp/slredirect/picassoRedirect.html/ref=pa_sp_atf_aps_sr_pg1_1?ie=UTF8&adId=A08357563C999ED2QLEJM&url=%2FBagrrys-Crunchy-Muesli-Fruit-Cranberries%2Fdp%2FB07K26W61F%2Fref%3Dsr_1_2_sspa%3Fdchild%3D1%26keywords%3DMuesli%26qid%3D1628942947%26sr%3D8-2-spons%26psc%3D1&qualifier=1628942947&id=6090057748952332&widgetName=sp_atf
"Kellogg's Muesli with 21% Fruit, Nut & Seeds |Tastier now with Cranberries and Pumpkin Seeds |Breakfast Cereal | High in Iron| Source of Fibre | Naturally Cholesterol Free | 750g Pack",₹380,4.5 out of 5 stars,"4,945",https://www.amazon.in/gp/slredirect/picassoRedirect.html/ref=pa_sp_atf_aps_sr_pg1_1?ie=UTF8&adId=A0242223WE56TZ8QESNH&url=%2FKelloggs-Muesli-21-Fruit-Pouch%2Fdp%2FB083JP2NZX%2Fref%3Dsr_1_3_sspa%3Fdchild%3D1%26keywords%3DMuesli%26qid%3D1628942947%26sr%3D8-3-spons%26psc%3D1&qualifier=1628942947&id=6090057748952332&widgetName=sp_atf
"New Kellogg's Muesli with 21% Fruit, Nut & Seeds |Tastier now with Cranberries and Pumpkin Seeds |500g",₹308,4.4 out of 5 stars,"1,958",https://www.amazon.in/gp/slredirect/picassoRedirect.html/ref=pa_sp_atf_aps_sr_pg1_1?ie=UTF8&adId=A0242379LPMAM73ASVKF&url=%2FKelloggs-Muesli-21-Fruit-Pouch%2Fdp%2FB083JMHX1D%2Fref%3Dsr_1_4_sspa%3Fdchild%3D1%26keywords%3DMuesli%26qid%3D1628942947%26sr%3D8-4-spons%26psc%3D1&qualifier=1628942947&id=6090057748952332&widgetName=sp_atf
"Kellogg's Muesli with 21% Fruit, Nut & Seeds |Tastier now with Cranberries and Pumpkin Seeds |Breakfast Cereal | High in Iron| Source of Fibre | Naturally Cholesterol Free | 750g Pack",₹380,4.5 out of 5 stars,"4,945",https://www.amazon.in/Kelloggs-Muesli-21-Fruit-Pouch/dp/B083JP2NZX/ref=sr_1_5?dchild=1&keywords=Muesli&qid=1628942947&sr=8-5
"Amazon brand - Solimo No Sugar Muesli, 1kg",₹345,4.0 out of 5 stars,"4,060",https://www.amazon.in/Solimo-Amazon-Brand-Sugar-Muesli/dp/B083NFZLP9/ref=sr_1_6?dchild=1&keywords=Muesli&qid=1628942947&smid=ARENK22K2PQRH&sr=8-6
"New Kellogg's Muesli with 21% Fruit, Nut & Seeds |Tastier Now with Cranberries and Pumpkin Seeds |Breakfast Cereal | High in Iron| Source of Fibre | Naturally Cholesterol Free | 750g Pack",₹356,4.5 out of 5 stars,"12,798",https://www.amazon.in/Kelloggs-Muesli-21-Fruit-750g/dp/B083QQC3NP/ref=sr_1_7?dchild=1&fpw=pantry&keywords=Muesli&qid=1628942947&s=pantry&sr=8-7
"Yogabar Wholegrain Breakfast Muesli - Dark Chocolate and Cranberry, 700g (Super Saver Pack).",₹424,4.4 out of 5 stars,"7,038",https://www.amazon.in/Yogabar-Wholegrain-Breakfast-Muesli-Chocolate/dp/B07X5834FK/ref=sr_1_8?dchild=1&keywords=Muesli&qid=1628942947&sr=8-8
"Bagrry's Crunchy Muesli Oat Clusters with Almonds, Raisins & Honey, 1000 GM",₹519,4.4 out of 5 stars,"5,394",https://www.amazon.in/Bagrrys-Crunchy-Clusters-Almonds-Raisins/dp/B00LA5NZR4/ref=sr_1_9?dchild=1&keywords=Muesli&qid=1628942947&sr=8-9
"Yogabar Wholegrain Breakfast Muesli Fruits, Nuts + Seeds, 700 g (Super Saver Pack)",₹425,4.4 out of 5 stars,"6,134",https://www.amazon.in/Yogabar-Wholegrain-Breakfast-Muesli-Fruits/dp/B07X74MZ3G/ref=sr_1_10?dchild=1&keywords=Muesli&qid=1628942947&sr=8-10
"Soulfull Millet Muesli - Crunchy, Contains Almonds & Raisins, 700 g",₹360,4.2 out of 5 stars,861,https://www.amazon.in/Soulfull-Millet-Muesli-Crunchy-Contains/dp/B07S2HW4BN/ref=sr_1_11?dchild=1&keywords=Muesli&qid=1628942947&sr=8-11
"Kellogg's Muesli 20% Nuts Delight , Breakfast Cereal , High in Iron, High in Fibre , Naturally Cholesterol Free , 750g Pack",₹315,4.4 out of 5 stars,"4,998",https://www.amazon.in/Kelloggs-Muesli-Nuts-Delight-750g/dp/B083QQC3NQ/ref=sr_1_12?dchild=1&fpw=pantry&keywords=Muesli&qid=1628942947&s=pantry&sr=8-12
"True Elements Crunchy Nuts & Berries Muesli 1kg - With 30% Berries, Nuts and Seeds, Muesli Nuts Delight, Cereal for Breakfast",₹500,4.4 out of 5 stars,841,https://www.amazon.in/True-Elements-Crunchy-Berries-Cranberries/dp/B085WXXBSK/ref=sr_1_13?dchild=1&keywords=Muesli&qid=1628942947&sr=8-13
"Yogabar Super Muesli, No Added or Hidden Sugar, Breakfast Muesli with Probiotics & Prebiotics, 82% Almonds + Whole Grains + Chia Seeds + Flax Seeds, 700g",₹414,4.3 out of 5 stars,"1,813",https://www.amazon.in/Yogabar-Breakfast-Probiotics-Prebiotics-Almonds/dp/B08TQN1KCV/ref=sr_1_14?dchild=1&keywords=Muesli&qid=1628942947&sr=8-14
"New Kellogg's Muesli with 21% Fruit, Nut & Seeds |Tastier now with Cranberries and Pumpkin Seeds |500g",₹308,4.4 out of 5 stars,"1,958",https://www.amazon.in/Kelloggs-Muesli-21-Fruit-Pouch/dp/B083JMHX1D/ref=sr_1_15?dchild=1&keywords=Muesli&qid=1628942947&sr=8-15
"Bagrry's Crunchy Muesli, Oat Clusters with Almonds, Raisins and Honey, 750 GM Pouch",₹354,4.4 out of 5 stars,223,https://www.amazon.in/Bagrrys-Crunchy-Clusters-Almonds-Raisins/dp/B07M93RT18/ref=sr_1_16?dchild=1&keywords=Muesli&qid=1628942947&sr=8-16
"Yogabar Wholegrain Breakfast Muesli - Almond + Quinoa Crunch, 700g",₹389,,(₹555.71/kg),https://www.amazon.in/Yogabar-Wholegrain-Breakfast-Muesli-Almond/dp/B099ZY3R4M/ref=sr_1_17?dchild=1&keywords=Muesli&qid=1628942947&smid=AA0J98CVDRG52&sr=8-17
"Amazon brand - Solimo No Sugar Muesli, 1kg",₹340,4.1 out of 5 stars,"3,501",https://www.amazon.in/Amazon-brand-Solimo-Sugar-muesli/dp/B083NX3LH6/ref=sr_1_18?dchild=1&fpw=pantry&keywords=Muesli&qid=1628942947&s=pantry&sr=8-18
"Bagrrys Crunchy Muesli- Almond, Raisins and Honey, 750g",₹299,4.4 out of 5 stars,"3,369",https://www.amazon.in/Bagrrys-Crunchy-Muesli-Almond-Raisins/dp/B07KMJMZRS/ref=sr_1_19?dchild=1&fpw=pantry&keywords=Muesli&qid=1628942947&s=pantry&sr=8-19
"MuscleBlaze Probiotic Muesli, Breakfast Cereals For Good Gut Health, Fruits, Seeds and Nuts, Multigrain Flakes, High In Fibre, Antioxidant-Rich, 400 grams",₹275,4.2 out of 5 stars,70,https://www.amazon.in/MuscleBlaze-Probiotic-Breakfast-Multigrain-Antioxidant-Rich/dp/B094XQJS5B/ref=sr_1_20?dchild=1&keywords=Muesli&qid=1628942947&sr=8-20
"Kellogg's Muesli 22% Fruit Magic, Breakfast Cereal, High in Fibre, High in Iron and High in Vitamin C, Naturally Cholesterol Free, 500g Pack",₹315,4.4 out of 5 stars,"1,151",https://www.amazon.in/gp/slredirect/picassoRedirect.html/ref=pa_sp_mtf_aps_sr_pg1_1?ie=UTF8&adId=A0242623289CT1DNL1KCD&url=%2FKelloggs-Muesli-Fruit-Magic-Pouch%2Fdp%2FB083JMHVPV%2Fref%3Dsr_1_21_sspa%3Fdchild%3D1%26keywords%3DMuesli%26qid%3D1628942947%26sr%3D8-21-spons%26psc%3D1&qualifier=1628942947&id=6090057748952332&widgetName=sp_mtf
The Rooted Co - Roasted Muesli - Super Seeds,₹292.50,,,https://www.amazon.in/gp/slredirect/picassoRedirect.html/ref=pa_sp_mtf_aps_sr_pg1_1?ie=UTF8&adId=A078317631PV7AJUOEW92&url=%2FThe-Rooted-Co-Roasted-Muesli-Super-Seeds%2Fdp%2FB09B1Z15J2%2Fref%3Dsr_1_22_sspa%3Fdchild%3D1%26keywords%3DMuesli%26qid%3D1628942947%26sr%3D8-22-spons%26psc%3D1&qualifier=1628942947&id=6090057748952332&widgetName=sp_mtf
The Whole Truth - SUPERSAVER Breakfast Muesli - No Added Sugar 5 Grain Muesli - 750g,₹419,4.3 out of 5 stars,44,https://www.amazon.in/gp/slredirect/picassoRedirect.html/ref=pa_sp_mtf_aps_sr_pg1_1?ie=UTF8&adId=A0943425QJXTSOM1PET2&url=%2FWhole-Truth-SUPERSAVER-Breakfast-Muesli%2Fdp%2FB09B5GB4JH%2Fref%3Dsr_1_23_sspa%3Fdchild%3D1%26keywords%3DMuesli%26qid%3D1628942947%26sr%3D8-23-spons%26psc%3D1&qualifier=1628942947&id=6090057748952332&widgetName=sp_mtf
"Amazon brand - Solimo Honey, Almond and Raisin Muesli, 1kg",₹385,4.0 out of 5 stars,"4,054",https://www.amazon.in/gp/slredirect/picassoRedirect.html/ref=pa_sp_mtf_aps_sr_pg1_1?ie=UTF8&adId=A04886973GTGV5J4PJC4P&url=%2FSolimo-Amazon-Brand-Raisin-Muesli%2Fdp%2FB083NKVHLS%2Fref%3Dsr_1_24_sspa%3Fdchild%3D1%26keywords%3DMuesli%26qid%3D1628942947%26sr%3D8-24-spons%26psc%3D1&qualifier=1628942947&id=6090057748952332&widgetName=sp_mtf
"True Elements Muesli Sugar Free 1kg - Breakfast Cereal, Diet Food, No Added Sugar",₹499,4.3 out of 5 stars,"2,027",https://www.amazon.in/True-Elements-Added-Muesli-1000gm/dp/B07G184SJ2/ref=sr_1_25?dchild=1&keywords=Muesli&qid=1628942947&sr=8-25
"Gaia Crunchy Muesli Nutty Delight with Rolled Oats, Wheat, Corn Flakes, Assorted Nuts and Seeds.1 Kg",₹500,4.4 out of 5 stars,513,https://www.amazon.in/Gaia-Muesli-Nutty-Delight-Kg/dp/B017783D56/ref=sr_1_26?dchild=1&keywords=Muesli&qid=1628942947&sr=8-26
"Gaia Crunchy Muesli Fruit and Nut Packed with Fibre, Iron and antioxidants. 1KG",₹500,4.4 out of 5 stars,531,https://www.amazon.in/Gaia-Muesli-Fruit-Nut-Kg/dp/B07CZJCR58/ref=sr_1_27?dchild=1&keywords=Muesli&qid=1628942947&sr=8-27
"Kellogg's Muesli 0% Added Sugar , Breakfast Cereal , High in Iron, Source of Fibre , Naturally Cholesterol Free , 500g Pack",₹315,4.5 out of 5 stars,"1,731",https://www.amazon.in/Kelloggs-Muesli-Added-Sugar-500g/dp/B083QQH9L4/ref=sr_1_28?dchild=1&fpw=pantry&keywords=Muesli&qid=1628942947&s=pantry&sr=8-28
Bagrry's Crunchy Muesli Fruit N Nut with Cranberries 750 GM Pouch,₹399,4.3 out of 5 stars,"2,167",https://www.amazon.in/Bagrrys-Crunchy-Muesli-Fruit-Cranberries/dp/B07M8W8H7Q/ref=sr_1_29?dchild=1&keywords=Muesli&qid=1628942947&sr=8-29
"Yogabar Wholegrain Breakfast Muesli Combo | Fruits, Nuts and Seeds | Dark Chocolate Cranberry | 700g Each",₹750,4.7 out of 5 stars,173,https://www.amazon.in/Yogabar-Wholegrain-Breakfast-Chocolate-Cranberry/dp/B08P767Q93/ref=sr_1_30?dchild=1&keywords=Muesli&qid=1628942947&sr=8-30
"Bagrry's Crunchy Muesli, Oat Clusters with Almonds, Raisins and Honey, 1500 g",₹699,4.5 out of 5 stars,210,https://www.amazon.in/Bagrrys-Crunchy-Clusters-Almonds-Raisins/dp/B082KX8B6F/ref=sr_1_31?dchild=1&keywords=Muesli&qid=1628942947&sr=8-31
"Bagrry's No Added Sugar Crunchy Muesli Jar, 1000g",₹545,4.4 out of 5 stars,"1,470",https://www.amazon.in/Bagrrys-Added-Sugar-Crunchy-Muesli/dp/B00LA5O6TA/ref=sr_1_32?dchild=1&keywords=Muesli&qid=1628942947&sr=8-32
"Soulfull Millet Muesli Fruit & Nut with Almonds & Real Fruits, 700 g",₹360,4.3 out of 5 stars,855,https://www.amazon.in/Soulfull-Millet-Muesli-Almonds-Fruits/dp/B07RZBR5TK/ref=sr_1_33?dchild=1&keywords=Muesli&qid=1628942947&sr=8-33
"Bagrry's Fruit N Fibre Muesli, Mixed Fruit, 1000g",₹506,4.3 out of 5 stars,"2,761",https://www.amazon.in/Bagrrys-Fruit-Fibre-Muesli-Mixed/dp/B00LA5OWBM/ref=sr_1_34?dchild=1&keywords=Muesli&qid=1628942947&sr=8-34
"Zingavita Multi Millet Muesli with 25% Fruits, Nuts & Seeds, No Added Sugar, Healthy Breakfast Cereal With Whole Grains, 375g pack",₹199,4.5 out of 5 stars,113,https://www.amazon.in/Zingavita-Millet-Muesli-Healthy-Breakfast/dp/B0912BQTQ8/ref=sr_1_35?dchild=1&keywords=Muesli&qid=1628942947&sr=8-35
"Monsoon Harvest Toasted Millet Muesli, Cranberry & Almond, 250g",₹197,4.3 out of 5 stars,629,https://www.amazon.in/Monsoon-Harvest-Toasted-Millet-Cranberry/dp/B01M13J80I/ref=sr_1_36?dchild=1&keywords=Muesli&qid=1628942947&smid=A3T2H44BYKSNMZ&sr=8-36
Kellogg's Muesli 0% Added Sugar | Breakfast Cereal | High in Iron| Source of Fibre | Naturally Cholesterol Free | 500g Pack,₹315,4.4 out of 5 stars,759,https://www.amazon.in/Kelloggs-Muesli-Added-Sugar-Pouch/dp/B083JNSV13/ref=sr_1_37?dchild=1&keywords=Muesli&qid=1628942947&sr=8-37
"True Elements Muesli Fruit and Nuts 1kg - Breakfast Cereal, No Added Sugar, Healthy Food",₹511,4.1 out of 5 stars,"1,588",https://www.amazon.in/True-Elements-Fruit-Muesli-1000gm/dp/B07G1792GN/ref=sr_1_38?dchild=1&keywords=Muesli&qid=1628942947&sr=8-38
"Bagrry's Crunchy Muesli Oat Clusters with Almonds, Raisins & Honey, 500 GM",₹288,4.4 out of 5 stars,257,https://www.amazon.in/Bagrrys-Crunchy-Muesli-500Gm/dp/B00LA5O208/ref=sr_1_39?dchild=1&keywords=Muesli&qid=1628942947&sr=8-39
"True Elements Cranberry Blueberry Muesli 1kg - Wholegrain Breakfast Cereal, Berries Muesli",₹492,4.4 out of 5 stars,575,https://www.amazon.in/True-Elements-Cranberry-Blueberry-Muesli/dp/B07G17S1Q8/ref=sr_1_40?dchild=1&keywords=Muesli&qid=1628942947&sr=8-40
"Gaia Crunchy Diet Muesli Multi-Grain, for a Healthy, Low-Calorie Breakfast. 1 Kg (Zero Added Sugar)",₹500,4.3 out of 5 stars,192,https://www.amazon.in/Gaia-Muesli-Diet-Added-Sugar/dp/B07CZJ63KM/ref=sr_1_41?dchild=1&keywords=Muesli&qid=1628942947&sr=8-41
"Kellogg's Muesli 22% Fruit Magic, Breakfast Cereal, High in Fibre, High in Iron and High in Vitamin C, Naturally Cholesterol Free, 500g Pack",₹315,4.4 out of 5 stars,"1,151",https://www.amazon.in/Kelloggs-Muesli-Fruit-Magic-Pouch/dp/B083JMHVPV/ref=sr_1_42?dchild=1&keywords=Muesli&qid=1628942947&sr=8-42
The Whole Truth - SUPERSAVER Breakfast Muesli - No Added Sugar 5 Grain Muesli - 750g,₹419,4.3 out of 5 stars,44,https://www.amazon.in/Whole-Truth-SUPERSAVER-Breakfast-Muesli/dp/B09B5GB4JH/ref=sr_1_43?dchild=1&keywords=Muesli&qid=1628942947&sr=8-43
"The Whole Truth - SUPER SAVER Breakfast Muesli - Nuts, Fruits and Seeds - 750g",₹419,4.2 out of 5 stars,152,https://www.amazon.in/Whole-Truth-Breakfast-Muesli-Fruits/dp/B094486BVZ/ref=sr_1_44?dchild=1&keywords=Muesli&qid=1628942947&sr=8-44
"Yogabar Wholegrain Breakfast Muesli - Almond + Quinoa Crunch, 400g",₹309,4.3 out of 5 stars,"1,276",https://www.amazon.in/Yogabar-Wholegrain-Breakfast-Muesli-Almond/dp/B07M6L1SSF/ref=sr_1_45?dchild=1&keywords=Muesli&qid=1628942947&sr=8-45
"Bagrry's Protein Muesli with Whey Protein, Almonds and Oats, 500g",₹329,4.1 out of 5 stars,290,https://www.amazon.in/Bagrrys-Protein-Muesli-Whey-Almonds/dp/B0757SV8CC/ref=sr_1_46?dchild=1&fpw=pantry&keywords=Muesli&qid=1628942947&s=pantry&sr=8-46
"Nourish You Quinoa Muesli, Honey and Nuts, 375g",₹284,4.4 out of 5 stars,166,https://www.amazon.in/Nourish-Quinoa-Muesli-Honey-Nuts/dp/B07BD1R6CQ/ref=sr_1_47?dchild=1&keywords=Muesli&qid=1628942947&sr=8-47
"Monsoon Harvest Toasted Millet Muesli, Fig & Honey with Salted Pistachios (500 g) - Pack of 2 x 250 g",₹368,4.5 out of 5 stars,23,https://www.amazon.in/Monsoon-Harvest-Toasted-Millet-Pistachios/dp/B08BTNWYSR/ref=sr_1_48?dchild=1&keywords=Muesli&qid=1628942947&sr=8-48
The Whole Truth - Breakfast Muesli - Quinoa Choco Crunch - 320g,₹305,4.5 out of 5 stars,51,https://www.amazon.in/Whole-Truth-Breakfast-Muesli-Quinoa/dp/B08YZ677FQ/ref=sr_1_49?dchild=1&keywords=Muesli&qid=1628942947&sr=8-49
"Soulfull Fruit Nut and Seeds Millet Muesli, 500g",₹320,4.4 out of 5 stars,130,https://www.amazon.in/Soulfull-Fruit-Seeds-Millet-Muesli/dp/B08FX9NJZ6/ref=sr_1_50?dchild=1&keywords=Muesli&qid=1628942947&sr=8-50
"Kellogg's Muesli 22% Fruit Magic, Breakfast Cereal, High in Fibre, High in Iron and High in Vitamin C, Naturally Cholesterol Free, 500g Pack",₹315,4.5 out of 5 stars,886,https://www.amazon.in/Kelloggs-Muesli-Fruit-Magic-500g/dp/B083QPTXFS/ref=sr_1_51?dchild=1&fpw=pantry&keywords=Muesli&qid=1628942947&s=pantry&sr=8-51
"Kellogg's Crunchy Granola Almonds and Cranberries | Breakfast Cereals | Multigrain Flakes, 460g",₹299,4.5 out of 5 stars,"4,627",https://www.amazon.in/Kelloggs-Crunchy-Granola-Almonds-Cranberries/dp/B07DPS1QJK/ref=sr_1_52?dchild=1&fpw=pantry&keywords=Muesli&qid=1628942947&s=pantry&sr=8-52
The Whole Truth - High Protein Breakfast Muesli - Almond Choco Crunch - 350g,₹330,4.1 out of 5 stars,68,https://www.amazon.in/Whole-Truth-Protein-Breakfast-Muesli/dp/B08YZB46NV/ref=sr_1_53?dchild=1&keywords=Muesli&qid=1628942947&sr=8-53
The Whole Truth - SUPER SAVER Breakfast Muesli - Almond Choco Crunch - 750g,₹499,4.0 out of 5 stars,108,https://www.amazon.in/Whole-Truth-Breakfast-Muesli-Almond/dp/B094489LF5/ref=sr_1_54?dchild=1&keywords=Muesli&qid=1628942947&sr=8-54
"Kwality Muesli Crunchy Fruit N Nut, Multigrain, High in Fibre, Iron and Protein Jar, 1 kg",₹297,3.4 out of 5 stars,65,https://www.amazon.in/Kwality-Muesli-Crunchy-Multigrain-Protein/dp/B07VY484NV/ref=sr_1_55?dchild=1&keywords=Muesli&qid=1628942947&sr=8-55
"Yogabar Wholegrain Breakfast Muesli, Dark Chocolate + Cranberry, 700 g (Super Saver Pack)",₹350,4.5 out of 5 stars,"1,005",https://www.amazon.in/Yogabar-Wholegrain-Breakfast-Chocolate-Cranberry/dp/B08D4BVTPX/ref=sr_1_56?dchild=1&fpw=pantry&keywords=Muesli&qid=1628942947&s=pantry&sr=8-56
"Gaia Crunchy Muesli Nutty Delight with Rolled Oats, Wheat, Corn Flakes, Assorted Nuts and Seeds.1 Kg",₹500,4.4 out of 5 stars,513,https://www.amazon.in/gp/slredirect/picassoRedirect.html/ref=pa_sp_btf_aps_sr_pg1_1?ie=UTF8&adId=A0806939DC1UAH2CUA8O&url=%2FGaia-Muesli-Nutty-Delight-Kg%2Fdp%2FB017783D56%2Fref%3Dsr_1_57_sspa%3Fdchild%3D1%26keywords%3DMuesli%26qid%3D1628942947%26sr%3D8-57-spons%26psc%3D1&qualifier=1628942947&id=6090057748952332&widgetName=sp_btf
"The Whole Truth - SUPER SAVER Breakfast Muesli - Nuts, Fruits and Seeds - 750g",₹419,4.2 out of 5 stars,152,https://www.amazon.in/gp/slredirect/picassoRedirect.html/ref=pa_sp_btf_aps_sr_pg1_1?ie=UTF8&adId=A086886112P91RQ6C10X6&url=%2FWhole-Truth-Breakfast-Muesli-Fruits%2Fdp%2FB094486BVZ%2Fref%3Dsr_1_58_sspa%3Fdchild%3D1%26keywords%3DMuesli%26qid%3D1628942947%26sr%3D8-58-spons%26psc%3D1&qualifier=1628942947&id=6090057748952332&widgetName=sp_btf
"True Elements Crunchy Nuts & Berries Muesli 1kg - With 30% Berries, Nuts and Seeds, Muesli Nuts Delight, Cereal for Breakfast",₹500,4.4 out of 5 stars,841,https://www.amazon.in/gp/slredirect/picassoRedirect.html/ref=pa_sp_btf_aps_sr_pg1_1?ie=UTF8&adId=A0390676VN2W6C9G5DNF&url=%2FTrue-Elements-Crunchy-Berries-Cranberries%2Fdp%2FB085WXXBSK%2Fref%3Dsr_1_59_sspa%3Fdchild%3D1%26keywords%3DMuesli%26qid%3D1628942947%26sr%3D8-59-spons%26psc%3D1&qualifier=1628942947&id=6090057748952332&widgetName=sp_btf
The Rooted Co - Roasted Muesli - Strawberry & Blackcurrant,₹292.50,,,https://www.amazon.in/gp/slredirect/picassoRedirect.html/ref=pa_sp_btf_aps_sr_pg1_1?ie=UTF8&adId=A07833328EQILQ38ZSE6&url=%2FThe-Rooted-Co-Roasted-Muesli-Strawberry-Blackcurrant%2Fdp%2FB09B1Y76P3%2Fref%3Dsr_1_60_sspa%3Fdchild%3D1%26keywords%3DMuesli%26qid%3D1628942947%26sr%3D8-60-spons%26psc%3D1&qualifier=1628942947&id=6090057748952332&widgetName=sp_btf
"Yogabar Super Muesli, No Added or Hidden Sugar, Breakfast Muesli with Probiotics & Prebiotics, 82% Almonds + Whole Grains + Chia Seeds + Flax Seeds, 400g",₹299,4.3 out of 5 stars,"1,813",https://www.amazon.in/gp/slredirect/picassoRedirect.html/ref=pa_sp_atf_next_aps_sr_pg2_1?ie=UTF8&adId=A09035291WHHMY1FU3PD3&url=%2FYogabar-Breakfast-Probiotics-Prebiotics-Almonds%2Fdp%2FB08CGN46N7%2Fref%3Dsr_1_49_sspa%3Fdchild%3D1%26keywords%3DMuesli%26qid%3D1628942968%26smid%3DAA0J98CVDRG52%26sr%3D8-49-spons%26psc%3D1&qualifier=1628942968&id=2701344965558880&widgetName=sp_atf_next
The Rooted Co - Roasted Muesli - Multi Millet,₹292.50,,,https://www.amazon.in/gp/slredirect/picassoRedirect.html/ref=pa_sp_atf_next_aps_sr_pg2_1?ie=UTF8&adId=A078323236343H0F1AGX5&url=%2FRooted-Co-Roasted-Muesli-Millet%2Fdp%2FB09B1XGPW2%2Fref%3Dsr_1_50_sspa%3Fdchild%3D1%26keywords%3DMuesli%26qid%3D1628942968%26sr%3D8-50-spons%26psc%3D1&qualifier=1628942968&id=2701344965558880&widgetName=sp_atf_next
"Gaia Crunchy Muesli Fruit and Nut Packed with Fibre, Iron and antioxidants. 1KG",₹500,4.4 out of 5 stars,531,https://www.amazon.in/gp/slredirect/picassoRedirect.html/ref=pa_sp_atf_next_aps_sr_pg2_1?ie=UTF8&adId=A08072511KCLURVFBPCHB&url=%2FGaia-Muesli-Fruit-Nut-Kg%2Fdp%2FB07CZJCR58%2Fref%3Dsr_1_51_sspa%3Fdchild%3D1%26keywords%3DMuesli%26qid%3D1628942968%26sr%3D8-51-spons%26psc%3D1&qualifier=1628942968&id=2701344965558880&widgetName=sp_atf_next
"Bagrry's Crunchy Muesli Oat Clusters with Almonds, Raisins & Honey, 1000 GM",₹519,4.4 out of 5 stars,"5,394",https://www.amazon.in/gp/slredirect/picassoRedirect.html/ref=pa_sp_atf_next_aps_sr_pg2_1?ie=UTF8&adId=A05586892IP4QVB4UV1GC&url=%2FBagrrys-Crunchy-Clusters-Almonds-Raisins%2Fdp%2FB00LA5NZR4%2Fref%3Dsr_1_52_sspa%3Fdchild%3D1%26keywords%3DMuesli%26qid%3D1628942968%26sr%3D8-52-spons%26psc%3D1&qualifier=1628942968&id=2701344965558880&widgetName=sp_atf_next
"Bagrry's Choco Delight, Jar, 1000g",₹517,4.3 out of 5 stars,544,https://www.amazon.in/Bagrrys-Choco-Delight-Jar-1000g/dp/B00LA5OGXG/ref=sr_1_53?dchild=1&keywords=Muesli&qid=1628942968&sr=8-53
"Soulfull Millet Muesli Diet- No Sugar Added , 400g",₹245,4.3 out of 5 stars,543,https://www.amazon.in/Soulfull-Diet-Millet-Muesli-400g/dp/B073GPYBJM/ref=sr_1_54?dchild=1&keywords=Muesli&qid=1628942968&sr=8-54
"ASAP High Protein Wholegrain Muesli Dark Chocolate (Dark Choco, 1)",₹257,3.9 out of 5 stars,55,https://www.amazon.in/ASAP-Wholegrain-Protein-Breakfast-Multigrain/dp/B08KWJ19H2/ref=sr_1_56?dchild=1&keywords=Muesli&qid=1628942968&sr=8-56
"Monsoon Harvest Toasted Millet Muesli - Cranberry & Almond, Healthy Breakfast with Wholegrains, Nuts and Seeds, Super Saver Pack, 1 kg",₹599,4.4 out of 5 stars,514,https://www.amazon.in/Monsoon-Harvest-Toasted-Millet-Cranberry/dp/B07TC5C9Z2/ref=sr_1_57?dchild=1&keywords=Muesli&qid=1628942968&smid=A3T2H44BYKSNMZ&sr=8-57
"Bagrry's Fruit n Fibre Muesli, Strawberry, 1kg…",₹517,4.3 out of 5 stars,235,https://www.amazon.in/Bagrrys-Fruit-Fibre-Muesli-Strawberry/dp/B00LA5OYOW/ref=sr_1_58?dchild=1&keywords=Muesli&qid=1628942968&sr=8-58
"Kellogg's Muesli Nuts Delight, 750g",₹415,4.4 out of 5 stars,"1,615",https://www.amazon.in/Kelloggs-Muesli-Nuts-Delight-750/dp/B01D10FPW8/ref=sr_1_59?dchild=1&keywords=Muesli&qid=1628942968&sr=8-59
"True Elements Muesli Sugar Free 1.2 kg - Diet Food for Weight Loss, No Added Sugar, Protein Muesli",₹576,4.3 out of 5 stars,624,https://www.amazon.in/True-Elements-Muesli-Crunchy-Refill/dp/B07V9LBM5S/ref=sr_1_60?dchild=1&keywords=Muesli&qid=1628942968&sr=8-60
"Kwality Muesli, Crunchy, 400g",₹199,,,https://www.amazon.in/Kwality-Muesli-Crunchy-400g/dp/B00O8XGASG/ref=sr_1_61?dchild=1&keywords=Muesli&qid=1628942968&sr=8-61
"Nourish You Quinoa Muesli Nuts, 375g",₹284,4.4 out of 5 stars,109,https://www.amazon.in/Nourish-Quinoa-Muesli-Nuts-375g/dp/B07BCZY55G/ref=sr_1_62?dchild=1&keywords=Muesli&qid=1628942968&sr=8-62
Gaia Crunchy Muesli with Real Fruit. Burst of Flavor in Every bite. 1KG,₹500,4.3 out of 5 stars,320,https://www.amazon.in/Gaia-Muesli-Real-Fruit-Kg/dp/B07CZHL3CM/ref=sr_1_63?dchild=1&keywords=Muesli&qid=1628942968&sr=8-63
"Monsoon Harvest Toasted Millet Muesli - Fig & Honey with Salted Pistachios, Healthy Breakfast with Wholegrains, Nuts and Seeds, Super Saver Pack, 1 kg",₹599,4.4 out of 5 stars,289,https://www.amazon.in/Monsoon-Harvest-Toasted-Millet-Pistachios/dp/B07W9DPYXN/ref=sr_1_64?dchild=1&keywords=Muesli&qid=1628942968&smid=A3T2H44BYKSNMZ&sr=8-64
"Nourish Organics Seeds and Nuts Muesli 300g, | Raisins | Apricots & Apples (Single Pack)",₹360,3.9 out of 5 stars,216,https://www.amazon.in/Nourish-Organics-Seeds-Muesli-300Gr/dp/B07FGDSBRT/ref=sr_1_65?dchild=1&keywords=Muesli&qid=1628942968&sr=8-65
Alpino Super Muesli Fruit & Nuts 400 G | Whole Oats & Whole Grain | Finest Nuts & Raisins | Real Freeze Dried Fruits | No Sugar Infused Fruits,₹249,4.2 out of 5 stars,230,https://www.amazon.in/Alpino-Super-Muesli-Breakfast-Cereal/dp/B084236LQZ/ref=sr_1_66?dchild=1&keywords=Muesli&qid=1628942968&sr=8-66
"True Elements Diet Muesli 1kg - Loaded with Multigrains, Muesli Sugar Free, Cereal for Breakfast, Diet Food for Weight Loss",₹535,4.3 out of 5 stars,207,https://www.amazon.in/True-Elements-Multigrain-Diet-Muesli/dp/B084STQQ35/ref=sr_1_67?dchild=1&keywords=Muesli&qid=1628942968&sr=8-67
Gaia Crunchy Muesli- Strawberry. Power-Packed Low Calorie Healthy Breakfast. 1 Kg,₹499,4.3 out of 5 stars,70,https://www.amazon.in/Gaia-Muesli-Strawberry-Jar-1kg/dp/B017780DC2/ref=sr_1_68?dchild=1&keywords=Muesli&qid=1628942968&sr=8-68
"Yogabar Wholegrain Breakfast Muesli - Dark Chocolate and Cranberry, 700g (Super Saver Pack).",₹424,4.4 out of 5 stars,"7,038",https://www.amazon.in/gp/slredirect/picassoRedirect.html/ref=pa_sp_mtf_aps_sr_pg2_1?ie=UTF8&adId=A03500081K99Z662NX6QE&url=%2FYogabar-Wholegrain-Breakfast-Muesli-Chocolate%2Fdp%2FB07X5834FK%2Fref%3Dsr_1_69_sspa%3Fdchild%3D1%26keywords%3DMuesli%26qid%3D1628942968%26sr%3D8-69-spons%26psc%3D1&qualifier=1628942968&id=2701344965558880&widgetName=sp_mtf
The Whole Truth - Breakfast Muesli - No Added Sugar 5 Grain Muesli - 350g,₹249,4.3 out of 5 stars,44,https://www.amazon.in/gp/slredirect/picassoRedirect.html/ref=pa_sp_mtf_aps_sr_pg2_1?ie=UTF8&adId=A09436132KREGHXUNWYZK&url=%2FWhole-Truth-Breakfast-Muesli-Added%2Fdp%2FB094YS3FNV%2Fref%3Dsr_1_70_sspa%3Fdchild%3D1%26keywords%3DMuesli%26qid%3D1628942968%26sr%3D8-70-spons%26psc%3D1&qualifier=1628942968&id=2701344965558880&widgetName=sp_mtf
"Yogabar Wholegrain Breakfast Muesli Fruits, Nuts + Seeds, 700 g (Super Saver Pack)",₹425,4.4 out of 5 stars,"6,134",https://www.amazon.in/gp/slredirect/picassoRedirect.html/ref=pa_sp_mtf_aps_sr_pg2_1?ie=UTF8&adId=A07979623C8JOUMRD9IO5&url=%2FYogabar-Wholegrain-Breakfast-Muesli-Fruits%2Fdp%2FB07X74MZ3G%2Fref%3Dsr_1_71_sspa%3Fdchild%3D1%26keywords%3DMuesli%26qid%3D1628942968%26sr%3D8-71-spons%26psc%3D1&qualifier=1628942968&id=2701344965558880&widgetName=sp_mtf
"Gaia Crunchy Diet Muesli Multi-Grain, for a Healthy, Low-Calorie Breakfast. 1 Kg (Zero Added Sugar)",₹500,4.3 out of 5 stars,192,https://www.amazon.in/gp/slredirect/picassoRedirect.html/ref=pa_sp_mtf_aps_sr_pg2_1?ie=UTF8&adId=A08314273FJNTKE5NRRRP&url=%2FGaia-Muesli-Diet-Added-Sugar%2Fdp%2FB07CZJ63KM%2Fref%3Dsr_1_72_sspa%3Fdchild%3D1%26keywords%3DMuesli%26qid%3D1628942968%26sr%3D8-72-spons%26psc%3D1&qualifier=1628942968&id=2701344965558880&widgetName=sp_mtf
"Yummsy Granola Muesli I High in Protein, Sugar Free & Gluten Free I 38% Almonds, Raisin & Seeds + 22% Oats. (Pack of 1 - 320gms)",₹345,4.1 out of 5 stars,127,https://www.amazon.in/Yummsy-Breakfast-Granola-Muesli-Protein/dp/B07MBGTXB3/ref=sr_1_73?dchild=1&keywords=Muesli&qid=1628942968&sr=8-73
"True Elements Muesli Nuts Delight, Crunchy Nuts & Berries Muesli 400g - Healthy Breakfast, Diet Food, 100% Wheolgrain",₹260,4.2 out of 5 stars,36,https://www.amazon.in/True-Elements-Delight-Crunchy-Berries/dp/B08MDX6Z3F/ref=sr_1_74?dchild=1&keywords=Muesli&qid=1628942968&sr=8-74
The Whole Truth - Breakfast Muesli - The High Protein Combo (Almond Choco Crunch with Protein - 350g + Quinoa Choco Crunch with Protein - 320g),₹600,4.2 out of 5 stars,5,https://www.amazon.in/Whole-Truth-Breakfast-Muesli-Protein/dp/B095GT1R3V/ref=sr_1_75?dchild=1&keywords=Muesli&qid=1628942968&sr=8-75
"Nourish Organics Honey Crunch Muesli, 300g | Whole-Grains | Cashews, Almonds & Raisins (Single Pack)",₹315,4.0 out of 5 stars,536,https://www.amazon.in/Nourish-Organics-Honey-Crunch-Muesli/dp/B00N3V9CM0/ref=sr_1_76?dchild=1&keywords=Muesli&qid=1628942968&sr=8-76
"True Elements Seeds and Berries Muesli 1kg - Cereal for Breakfast, Diet Food, Berries Muesli",₹511,4.3 out of 5 stars,440,https://www.amazon.in/True-Elements-Berries-Muesli-1000gm/dp/B07G199T87/ref=sr_1_77?dchild=1&keywords=Muesli&qid=1628942968&sr=8-77
"Yummsy Granola Muesli. Sugar Free & Gluten Free. 10g Protein, 4g Fibre per Serving (320g, Box) : Pack of 1",₹345,,,https://www.amazon.in/Yummsy-Granola-Muesli-Protein-Serving/dp/B09799SMQD/ref=sr_1_78?dchild=1&keywords=Muesli&qid=1628942968&sr=8-78
"Kwality Crunchy Muesli Mixed Fruit, Zero Cholesterol and Trans Fat- No Added Refined Sugar, No Added Artificial Flavor and Color, Super Saver Pack (700g, Pack of 1)",₹268.94,3.0 out of 5 stars,8,https://www.amazon.in/Kwality-Crunchy-Cholesterol-Refined-Artificial/dp/B08CN1WKX1/ref=sr_1_79?dchild=1&keywords=Muesli&qid=1628942968&sr=8-79
The Whole Truth - High Protein Breakfast Muesli - Quinoa Choco Crunch (Added Protein) - 320g,₹395,4.0 out of 5 stars,15,https://www.amazon.in/Whole-Truth-Protein-Breakfast-Muesli/dp/B08Z2BSW2W/ref=sr_1_80?dchild=1&keywords=Muesli&qid=1628942968&sr=8-80
"Zingavita Toasted Oats Muesli with 25% Berries, Nuts & Seeds, No Added Sugar, Healthy Breakfast Cereal With Whole Grains, 375g pack",₹199,4.3 out of 5 stars,41,https://www.amazon.in/Zingavita-Toasted-Berries-Healthy-Breakfast/dp/B0912G3DCF/ref=sr_1_81?dchild=1&keywords=Muesli&qid=1628942968&sr=8-81
"Monsoon Harvest Toasted Millet Muesli, Dark Chocolate & Orange Peel, Healthy Breakfast with Wholegrains, Nuts and Seeds, Super Saver Pack, 1 Kg",₹599,4.3 out of 5 stars,250,https://www.amazon.in/Monsoon-Harvest-Toasted-Millet-Chocolate/dp/B07WCGS4MX/ref=sr_1_82?dchild=1&keywords=Muesli&qid=1628942968&smid=A3T2H44BYKSNMZ&sr=8-82
Yogabar Dark Chocolate Peanut Butter and Muesli Combo | Dark Chocolate Peanut Butter - (400gm ) | Dark Chocolate Muesli - ( 700gm ),₹499,,(₹45.36/100 g),https://www.amazon.in/Yogabar-Chocolate-Peanut-Butter-Muesli/dp/B099ZXMV2Q/ref=sr_1_83?dchild=1&keywords=Muesli&qid=1628942968&sr=8-83
"True Elements Muesli Sugar Free 400g - with Real Fruits, Breakfast Cereal, Diet Food for Weight Loss",₹268,4.2 out of 5 stars,327,https://www.amazon.in/True-Elements-Added-Sugar-Muesli/dp/B07GNT9YDM/ref=sr_1_84?dchild=1&keywords=Muesli&qid=1628942968&sr=8-84
Yogabar Breakfast Cereal & Muesli | Fruits Nuts and Seeds | Almond + Quinoa Crunch | 400g Each,₹580,4.5 out of 5 stars,56,https://www.amazon.in/Yogabar-Breakfast-Cereal-Muesli-Fruits/dp/B08PC3R5LK/ref=sr_1_85?dchild=1&keywords=Muesli&qid=1628942968&sr=8-85
"Monsoon Harvest Toasted Millet Muesli, Dry Fruits Aficionados, 500 g (Pack of 2 x 250 g)",₹386,4.4 out of 5 stars,47,https://www.amazon.in/Monsoon-Harvest-Toasted-Aficionados-Variety/dp/B07Q2R9P65/ref=sr_1_86?dchild=1&keywords=Muesli&qid=1628942968&sr=8-86
"Monsoon Harvest Toasted Millet Muesli, Fig & Honey with Salted Pistachios, 250 g",₹197,4.3 out of 5 stars,415,https://www.amazon.in/Monsoon-Harvest-Toasted-Millet-Pistachios/dp/B01N2ALC3J/ref=sr_1_87?dchild=1&keywords=Muesli&qid=1628942968&smid=A3T2H44BYKSNMZ&sr=8-87
"Kellogg's Combo, Kellogg's Muesli with 21% Fruit and Nut Pouch, 750 g and Kellogg's Muesli with 20% Nuts Delight Pouch, 750 g",₹760,4.5 out of 5 stars,50,https://www.amazon.in/Kelloggs-Combo-Muesli-Fruit-Delight/dp/B08D3MHGK3/ref=sr_1_88?dchild=1&keywords=Muesli&qid=1628942968&sr=8-88
Healthy Buddha Organic Muesli Crunchy - Sugar Free ( Pack of 2 ),₹440,,,https://www.amazon.in/Healthy-Buddha-Organic-Muesli-Crunchy/dp/B08Y6MC6SC/ref=sr_1_89?dchild=1&keywords=Muesli&qid=1628942968&sr=8-89
"Monsoon Harvest Toasted Millet Muesli, Dark Chocolate & Orange Peel, 250 g",₹197,4.1 out of 5 stars,509,https://www.amazon.in/Monsoon-Harvest-Toasted-Millet-Chocolate/dp/B01N5XJ8JA/ref=sr_1_90?dchild=1&keywords=Muesli&qid=1628942968&smid=A3T2H44BYKSNMZ&sr=8-90
"Nourish You Quinoa Muesli, Chocolate, 375g",₹284,4.3 out of 5 stars,66,https://www.amazon.in/Nourish-Quinoa-Muesli-Chocolate-375g/dp/B07BCZNFYQ/ref=sr_1_91?dchild=1&keywords=Muesli&qid=1628942968&sr=8-91
True Elements Nuts & Berries Muesli 400g + Dark Chocolate Granola 450g - Muesli Nuts Delight | Granola for Breakfast | 100% Wholegrain | Diet Snacks,₹529,4.5 out of 5 stars,16,https://www.amazon.in/True-Elements-Berries-Chocolate-Granola/dp/B08X2QT735/ref=sr_1_92?dchild=1&keywords=Muesli&qid=1628942968&sr=8-92
"Zingavita Chocolate Oats Muesli with 17% Almonds, Raisins & Orange Peel, Healthy Breakfast Cereal, 375g pack",₹199,4.1 out of 5 stars,46,https://www.amazon.in/Zingavita-Chocolate-Almonds-Raisins-Breakfast/dp/B0912KYZNK/ref=sr_1_93?dchild=1&keywords=Muesli&qid=1628942968&sr=8-93
True Elements Muesli Fruit and Nuts 400g - Wholegrain Cereal | High Protein Breakfast | Healthy Food,₹265,3.9 out of 5 stars,102,https://www.amazon.in/True-Elements-Fruit-Muesli-400g/dp/B00ZP5HN1O/ref=sr_1_94?dchild=1&keywords=Muesli&qid=1628942968&sr=8-94
"Zerobeli Dark Chocolate Almond Muesli, 500 g| Wholegrains+Added Bran| Real Chocolate, Honey, Seeds and Nuts|",₹290,4.2 out of 5 stars,121,https://www.amazon.in/Zerobeli-Dark-Chocolate-Almond-Muesli/dp/B07R1Y684L/ref=sr_1_95?dchild=1&keywords=Muesli&qid=1628942968&sr=8-95
"Bagrry's Crunchy Muesli, Oat Clusters with Almonds, Raisins and Honey, 1500 gm Box",₹699,4.3 out of 5 stars,180,https://www.amazon.in/Bagrrys-Crunchy-Clusters-Almonds-Raisins/dp/B082Q3R1WY/ref=sr_1_96?dchild=1&fpw=pantry&keywords=Muesli&qid=1628942968&s=pantry&sr=8-96
"MuscleBlaze High Protein Breakfast Cereal, 20% Protein, Trans-Fat-Free (Unflavoured, 1 kg / 2.2 lb)",₹561,4.1 out of 5 stars,848,https://www.amazon.in/MuscleBlaze-High-Protein-Cereal/dp/B06XNXW8TC/ref=sr_1_97?dchild=1&keywords=Muesli&qid=1628942968&sr=8-97
"SIRIMIRI Premium Toasted Millet Muesli Protein Breakfast Loaded with Pumpkin Seeds and Cranberries, 500 Grams - Gluten Free (with Natural Cinnamon Flavour)",₹399,4.1 out of 5 stars,90,https://www.amazon.in/SIRIMIRI-Premium-Toasted-Millet-Muesli/dp/B0759HF2NT/ref=sr_1_98?dchild=1&keywords=Muesli&qid=1628942968&sr=8-98
"Bagrry's Fruit N Fibre, Mixed Fruit Muesli, 1000g Jar",₹517,4.3 out of 5 stars,"1,491",https://www.amazon.in/Bagrrys-Fruit-Fibre-Muesli-Mixed/dp/B01CHUUG8Q/ref=sr_1_99?dchild=1&fpw=pantry&keywords=Muesli&qid=1628942968&s=pantry&sr=8-99
"SIRIMIRI Premium Toasted Millet Muesli Protein Breakfast Loaded with Pistachios & Blueberries 500g High Protein, No Preservative, Gluten Free, Soy Free (with Natural Blueberry Flavour)",₹418,4.2 out of 5 stars,228,https://www.amazon.in/SIRIMIRI-Premium-Toasted-Muesli-Pista-Blueberries/dp/B079GZH3K8/ref=sr_1_100?dchild=1&keywords=Muesli&qid=1628942968&sr=8-100
"Kellogg's Muesli Nuts Delight, 240g",₹150,4.2 out of 5 stars,97,https://www.amazon.in/Kelloggs-Muesli-Nuts-Delight-250/dp/B00TZIILNQ/ref=sr_1_101?dchild=1&keywords=Muesli&qid=1628942968&sr=8-101
"Alpen The Original Swiss Style Muesli, 550 g",₹550,4.2 out of 5 stars,101,https://www.amazon.in/Alpen-Original-Swiss-Style-Muesli/dp/B08516WC6K/ref=sr_1_102?dchild=1&keywords=Muesli&qid=1628942968&sr=8-102
Sirimiri Premium Toasted Millet Muesli with Chocolate & Hazelnut - 500gm ( with Orange Flavour),₹399,4.5 out of 5 stars,13,https://www.amazon.in/Sirimiri-Premium-Toasted-Chocolate-Hazelnut/dp/B08NT25GYX/ref=sr_1_103?dchild=1&keywords=Muesli&qid=1628942968&sr=8-103
"Yogabar Muesli Variety Pack - (Dark Chocolate, Fruits Nuts + Seeds, Almond + Quinoa Crunch) 400g Each",₹720,4.4 out of 5 stars,480,https://www.amazon.in/Yogabar-Muesli-Variety-Pack-Chocolate/dp/B07RTL9LRD/ref=sr_1_104?dchild=1&keywords=Muesli&qid=1628942968&sr=8-104
"Monsoon Harvest Toasted Millet Muesli - Fig & Honey with Salted Pistachios, Healthy Breakfast with Wholegrains, Nuts and Seeds, Super Saver Pack, 1 kg",₹599,4.4 out of 5 stars,289,https://www.amazon.in/gp/slredirect/picassoRedirect.html/ref=pa_sp_btf_aps_sr_pg2_1?ie=UTF8&adId=A0165770303CPR3GYNDJY&url=%2FMonsoon-Harvest-Toasted-Millet-Pistachios%2Fdp%2FB07W9DPYXN%2Fref%3Dsr_1_105_sspa%3Fdchild%3D1%26keywords%3DMuesli%26qid%3D1628942968%26smid%3DA3T2H44BYKSNMZ%26sr%3D8-105-spons%26psc%3D1&qualifier=1628942968&id=2701344965558880&widgetName=sp_btf
"Amazon brand - Solimo No Sugar Muesli, 1kg",₹345,4.0 out of 5 stars,"4,060",https://www.amazon.in/gp/slredirect/picassoRedirect.html/ref=pa_sp_btf_aps_sr_pg2_1?ie=UTF8&adId=A0488877ECK4V032UT3L&url=%2FSolimo-Amazon-Brand-Sugar-Muesli%2Fdp%2FB083NFZLP9%2Fref%3Dsr_1_106_sspa%3Fdchild%3D1%26keywords%3DMuesli%26qid%3D1628942968%26smid%3DARENK22K2PQRH%26sr%3D8-106-spons%26psc%3D1&qualifier=1628942968&id=2701344965558880&widgetName=sp_btf
"ASAP Wholegrain High Protein Breakfast flavour of Coffee + Badam Milk with Almonds & 5 Toasted Grains Dark Chocolate, Almond, Omega-3 & Fibre Rich 420 Gm",₹525,4.3 out of 5 stars,101,https://www.amazon.in/gp/slredirect/picassoRedirect.html/ref=pa_sp_btf_aps_sr_pg2_1?ie=UTF8&adId=A07928661K0P2LZBM0EWW&url=%2FASAP-Ultimate-Breakfast-Multigrain-Muesli%2Fdp%2FB08MFBVZ24%2Fref%3Dsr_1_107_sspa%3Fdchild%3D1%26keywords%3DMuesli%26qid%3D1628942968%26sr%3D8-107-spons%26psc%3D1&qualifier=1628942968&id=2701344965558880&widgetName=sp_btf
"Nourish Organics Multigrain Muesli, 300g",₹315,4.1 out of 5 stars,72,https://www.amazon.in/gp/slredirect/picassoRedirect.html/ref=pa_sp_btf_aps_sr_pg2_1?ie=UTF8&adId=A0277794280BLY3IYGSHN&url=%2FNourish-Organics-Multigrain-Muesli-300g%2Fdp%2FB07DX6XZZ4%2Fref%3Dsr_1_108_sspa%3Fdchild%3D1%26keywords%3DMuesli%26qid%3D1628942968%26sr%3D8-108-spons%26psc%3D1&qualifier=1628942968&id=2701344965558880&widgetName=sp_btf
"Soulfull Millet Muesli - Crunchy, Contains Almonds & Raisins, 700 g",₹360,4.2 out of 5 stars,861,https://www.amazon.in/gp/slredirect/picassoRedirect.html/ref=pa_sp_atf_next_aps_sr_pg3_1?ie=UTF8&adId=A04496501T80O0N29EJFG&url=%2FSoulfull-Millet-Muesli-Crunchy-Contains%2Fdp%2FB07S2HW4BN%2Fref%3Dsr_1_97_sspa%3Fdchild%3D1%26keywords%3DMuesli%26qid%3D1628942982%26sr%3D8-97-spons%26psc%3D1&qualifier=1628942982&id=4124406632909364&widgetName=sp_atf_next
Gaia Crunchy Muesli- Strawberry. Power-Packed Low Calorie Healthy Breakfast. 1 Kg,₹499,4.3 out of 5 stars,70,https://www.amazon.in/gp/slredirect/picassoRedirect.html/ref=pa_sp_atf_next_aps_sr_pg3_1?ie=UTF8&adId=A08070953J5UQV6ODSKL6&url=%2FGaia-Muesli-Strawberry-Jar-1kg%2Fdp%2FB017780DC2%2Fref%3Dsr_1_98_sspa%3Fdchild%3D1%26keywords%3DMuesli%26qid%3D1628942982%26sr%3D8-98-spons%26psc%3D1&qualifier=1628942982&id=4124406632909364&widgetName=sp_atf_next
"Nourish Organics Honey Crunch Muesli, 300g | Whole-Grains | Cashews, Almonds & Raisins (Single Pack)",₹315,4.0 out of 5 stars,536,https://www.amazon.in/gp/slredirect/picassoRedirect.html/ref=pa_sp_atf_next_aps_sr_pg3_1?ie=UTF8&adId=A0960295197XQR1G3N8I1&url=%2FNourish-Organics-Honey-Crunch-Muesli%2Fdp%2FB00N3V9CM0%2Fref%3Dsr_1_99_sspa%3Fdchild%3D1%26keywords%3DMuesli%26qid%3D1628942982%26sr%3D8-99-spons%26psc%3D1&qualifier=1628942982&id=4124406632909364&widgetName=sp_atf_next
Yogabar Breakfast Cereal & Muesli | 91% Fruit and Nut + Seeds + Whole-Grains | 400g,₹306,4.4 out of 5 stars,"6,134",https://www.amazon.in/gp/slredirect/picassoRedirect.html/ref=pa_sp_atf_next_aps_sr_pg3_1?ie=UTF8&adId=A086590913KE8RBSTQPLV&url=%2FYogabar-Wholegrain-Breakfast-Muesli-Fruits%2Fdp%2FB07M6KZQCN%2Fref%3Dsr_1_100_sspa%3Fdchild%3D1%26keywords%3DMuesli%26qid%3D1628942982%26sr%3D8-100-spons%26psc%3D1&qualifier=1628942982&id=4124406632909364&widgetName=sp_atf_next
"Bagrrys Fruit N Fibre Muesli, Mixed Fruit, 500g",₹288,4.2 out of 5 stars,170,https://www.amazon.in/Bagrrys-Fruit-Fibre-Muesli-Mixed/dp/B071SD79GJ/ref=sr_1_101?dchild=1&keywords=Muesli&qid=1628942982&sr=8-101
"Dorset Cereals Simply Delicious Muesli, 620g",₹539,4.1 out of 5 stars,72,https://www.amazon.in/Dorset-Simply-Delicious-Muesli-620g/dp/B0038ARFZ2/ref=sr_1_103?dchild=1&keywords=Muesli&qid=1628942982&sr=8-103
"Monsoon Harvest Toasted Millet Muesli, Roasted Cacao Bean & Raisin, 250 g",₹207,4.5 out of 5 stars,183,https://www.amazon.in/Monsoon-Harvest-Toasted-Millet-Roasted/dp/B01M04XVMG/ref=sr_1_104?dchild=1&keywords=Muesli&qid=1628942982&sr=8-104
"True Elements Muesli Cranberry Blueberry 400g - High Fibre Cereal, Breakfast Food, Berries Muesli",₹283,4.0 out of 5 stars,29,https://www.amazon.in/True-Elements-Muesli-Cranberry-Blueberry/dp/B08QCCRNF2/ref=sr_1_105?dchild=1&keywords=Muesli&qid=1628942982&sr=8-105
"Jainys European Style Strawberry Muesli - 2 Pack, 2 x 400 g",₹460,,,https://www.amazon.in/Jainys-European-Style-Strawberry-Muesli/dp/B088QFY7G6/ref=sr_1_106?dchild=1&keywords=Muesli&qid=1628942982&sr=8-106
"MM Millet Muesli Diet Muesli - 300 gm ,Pack of 1",₹200,4.6 out of 5 stars,26,https://www.amazon.in/MM-Millet-Muesli-Diet-Pack/dp/B085ZK4V6X/ref=sr_1_107?dchild=1&keywords=Muesli&qid=1628942982&sr=8-107
Yogabar Wholegrain Breakfast Muesli | Dark Chocolate Cranberry | No Added Sugar with Almonds Whole Grains and Seeds | 400g Each,₹580,4.6 out of 5 stars,35,https://www.amazon.in/Yogabar-Wholegrain-Breakfast-Chocolate-Cranberry/dp/B08PC3R1D9/ref=sr_1_108?dchild=1&keywords=Muesli&qid=1628942982&sr=8-108
"True Elements Chatpati Muesli 1kg - With 19g of Plant Protein, Healthy Snacks, Protein Muesli",₹511,4.2 out of 5 stars,53,https://www.amazon.in/True-Elements-Chatpati-Protein-Muesli/dp/B07SJZKS21/ref=sr_1_109?dchild=1&keywords=Muesli&qid=1628942982&sr=8-109
Alpen No Added Sugar Swiss Style Muesli 550g,₹668,4.7 out of 5 stars,14,https://www.amazon.in/Alpen-Added-Sugar-Swiss-Muesli/dp/B08516FMPZ/ref=sr_1_110?dchild=1&keywords=Muesli&qid=1628942982&sr=8-110
Nourish Organics Amaranth Muesli 280g,₹445,4.0 out of 5 stars,64,https://www.amazon.in/Nourish-Organics-Amaranth-Muesli-300/dp/B07DWYGDX3/ref=sr_1_111?dchild=1&keywords=Muesli&qid=1628942982&sr=8-111
"GoWhey - Breakfast Fuel Muesli - Keto Granola - Dark Chocolate - Blueberry Crunch - Healthy Snacks, 250g",₹350,,(₹140/100 g),https://www.amazon.in/GoWhey-Breakfast-Granola-Chocolate-Blueberry/dp/B09BK1WVBG/ref=sr_1_112?dchild=1&keywords=Muesli&qid=1628942982&sr=8-112
SO GOOD Organic Amaranth Muesli 250 GM,₹220,,(₹880/kg),https://www.amazon.in/GOOD-Organic-Amaranth-Muesli-250/dp/B08RJGS57W/ref=sr_1_113?dchild=1&keywords=Muesli&qid=1628942982&sr=8-113
"True Elements Muesli Fruit and Nuts 1.2kg - Cereal for Breakfast, Diet Food, No Added Sugar",₹576,4.1 out of 5 stars,257,https://www.amazon.in/True-Elements-Fruit-Muesli-Breakfast/dp/B085DPBZL6/ref=sr_1_114?dchild=1&keywords=Muesli&qid=1628942982&sr=8-114
"Yogabar Super Muesli, No Added or Hidden Sugar, Breakfast Muesli with Probiotics & Prebiotics, 82% Almonds + Whole Grains + Chia Seeds + Flax Seeds, 400gm Each",₹580,4.7 out of 5 stars,95,https://www.amazon.in/Yogabar-Breakfast-Probiotics-Prebiotics-Almonds/dp/B08PC5CNV9/ref=sr_1_115?dchild=1&keywords=Muesli&qid=1628942982&sr=8-115
Nourish Organics Lean Muesli 250g | Amaranth and Foxnuts | Under 100 Calories (Single Pack),₹300,4.3 out of 5 stars,73,https://www.amazon.in/Nourish-Organics-Lean-Muesli-300Gr/dp/B06XCP9LZH/ref=sr_1_116?dchild=1&keywords=Muesli&qid=1628942982&sr=8-116
"Soulfull Millet Muesli Fruit & Nut with Almonds & Real Fruits, 400g",₹255,4.3 out of 5 stars,855,https://www.amazon.in/gp/slredirect/picassoRedirect.html/ref=pa_sp_mtf_aps_sr_pg3_1?ie=UTF8&adId=A0828637FNZDITKJ7YQC&url=%2FSoulfull-Millet-Muesli-Fruity-400g%2Fdp%2FB073GMR6G6%2Fref%3Dsr_1_117_sspa%3Fdchild%3D1%26keywords%3DMuesli%26qid%3D1628942982%26sr%3D8-117-spons%26psc%3D1%26smid%3DA1FV14V0RB443O&qualifier=1628942982&id=4124406632909364&widgetName=sp_mtf
"Amazon brand - Solimo Cranberry Muesli, 1kg",₹385,4.0 out of 5 stars,"4,060",https://www.amazon.in/gp/slredirect/picassoRedirect.html/ref=pa_sp_mtf_aps_sr_pg3_1?ie=UTF8&adId=A04678531U2L6MKAP0GJR&url=%2FSolimo-Amazon-Brand-Cranberry-Muesli%2Fdp%2FB083NSR166%2Fref%3Dsr_1_118_sspa%3Fdchild%3D1%26keywords%3DMuesli%26qid%3D1628942982%26sr%3D8-118-spons%26psc%3D1&qualifier=1628942982&id=4124406632909364&widgetName=sp_mtf
"Yogabar Wholegrain Breakfast Muesli - Dark Chocolate + Cranberry, 400g (Single Pack)",₹297,4.4 out of 5 stars,"7,038",https://www.amazon.in/gp/slredirect/picassoRedirect.html/ref=pa_sp_mtf_aps_sr_pg3_1?ie=UTF8&adId=A10218261NW45HWS5GL99&url=%2FYogabar-Wholegrain-Breakfast-Muesli-Chocolate%2Fdp%2FB07MRKN8P2%2Fref%3Dsr_1_119_sspa%3Fdchild%3D1%26keywords%3DMuesli%26qid%3D1628942982%26sr%3D8-119-spons%26psc%3D1&qualifier=1628942982&id=4124406632909364&widgetName=sp_mtf
The Whole Truth - High Protein Breakfast Muesli - Almond Choco Crunch - 350g,₹330,4.1 out of 5 stars,68,https://www.amazon.in/gp/slredirect/picassoRedirect.html/ref=pa_sp_mtf_aps_sr_pg3_1?ie=UTF8&adId=A01460453FBXRSXABSXWR&url=%2FWhole-Truth-Protein-Breakfast-Muesli%2Fdp%2FB08YZB46NV%2Fref%3Dsr_1_120_sspa%3Fdchild%3D1%26keywords%3DMuesli%26qid%3D1628942982%26sr%3D8-120-spons%26psc%3D1&qualifier=1628942982&id=4124406632909364&widgetName=sp_mtf
"Express Foods Swiss Style Muesli Jar, 1kg",₹524,4.0 out of 5 stars,76,https://www.amazon.in/Express-Foods-Swiss-Style-Muesli/dp/B00LUN3W3S/ref=sr_1_121?dchild=1&keywords=Muesli&qid=1628942982&sr=8-121
"Bagrrys Crunchy Muesli Fruit and Nut with Cranberries, 1kg",₹599,4.4 out of 5 stars,"1,476",https://www.amazon.in/Bagrrys-Crunchy-Muesli-Fruit-Cranberries/dp/B07KMJQY82/ref=sr_1_122?dchild=1&fpw=pantry&keywords=Muesli&qid=1628942982&s=pantry&sr=8-122
"True Elements Muesli Fruit and Nuts 1.2kg - Super Saver Pack, Cereal for Breakfast, Healthy Food",₹720,,(₹720/count),https://www.amazon.in/True-Elements-Muesli-Fruit-1-2kg/dp/B0968SHJZ5/ref=sr_1_123?dchild=1&fpw=pantry&keywords=Muesli&qid=1628942982&s=pantry&sr=8-123
"Bagrry's Swiss Style Museli, 500 GM",₹320,4.0 out of 5 stars,81,https://www.amazon.in/Bagrrys-Swiss-Style-Museli-500g/dp/B078S3182R/ref=sr_1_124?dchild=1&keywords=Muesli&qid=1628942982&sr=8-124
"9GRAMS Wholegrain & Millet Muesli | No added sugar, 12g Protein per serving, Use as Breakfast Cereal or Healthy Snack | Hazelnut & Cocoa, 300g",₹300,5.0 out of 5 stars,3,https://www.amazon.in/9GRAMS-Wholegrain-Protein-Breakfast-Hazelnut/dp/B0958SHYMZ/ref=sr_1_125?dchild=1&keywords=Muesli&qid=1628942982&sr=8-125
Nativefoodstore Millet Muesli Millet Muesli (Horsegram Seeds and Fruits) - 400gms,₹225,,,https://www.amazon.in/Nativefoodstore-Millet-Muesli-Horsegram-Fruits/dp/B08RBMQ8VM/ref=sr_1_126?dchild=1&keywords=Muesli&qid=1628942982&sr=8-126
"Bagrry's No Added Sugar Crunchy Muesli Jar, 1000g",₹549,4.4 out of 5 stars,414,https://www.amazon.in/Bagrrys-Added-Sugar-Crunchy-Muesli/dp/B01CHUUBN6/ref=sr_1_127?dchild=1&fpw=pantry&keywords=Muesli&qid=1628942982&s=pantry&sr=8-127
"Express Foods Swiss Style Muesli, 400g",₹168.75,3.2 out of 5 stars,30,https://www.amazon.in/Express-Foods-Swiss-Style-Muesli/dp/B00LUN3N2I/ref=sr_1_128?dchild=1&keywords=Muesli&qid=1628942982&sr=8-128
"Patanjali Muesli Fruit & Nut Pouch, 30 g",₹15,,,https://www.amazon.in/Patanjali-Muesli-Fruit-Nut-Pouch-30/dp/B084F5LZRC/ref=sr_1_129?dchild=1&keywords=Muesli&qid=1628942982&sr=8-129
"SIRIMIRI Premium Toasted Millet Muesli Protein Breakfast Loaded with Banana & Walnut - High Protein, No Preservative, Gluten Free, Soy Free 500g (Banana & Walnuts)",₹399,4.2 out of 5 stars,84,https://www.amazon.in/SIRIMIRI-Premium-Toasted-Millet-Walnuts/dp/B07R644R4Z/ref=sr_1_130?dchild=1&keywords=Muesli&qid=1628942982&sr=8-130
"Yogabar Wholegrain Breakfast Muesli Fruits, Nuts + Seeds, (Oats & Muesli - Fruits, Nuts & Seeds) - 440gm",₹160,,,https://www.amazon.in/Yogabar-Wholegrain-Breakfast-Muesli-Fruits/dp/B092W3TKBC/ref=sr_1_131?dchild=1&keywords=Muesli&qid=1628942982&sr=8-131
Yogabar Dark Chocolate Peanut Butter and Muesli Combo | Dark Chocolate Peanut Butter | Dark Chocolate Muesli,₹425,3.8 out of 5 stars,"2,112",https://www.amazon.in/Yogabar-Chocolate-Peanut-Butter-Muesli/dp/B08MWHZDQK/ref=sr_1_132?dchild=1&keywords=Muesli&qid=1628942982&sr=8-132
"ASAP Wholegrain Muesli Badam Milk, 82 % Almonds, Raisins and 5 Toasted Grains, Healthy Multigrain Granola with Nuts, Omega-3 & Fibre rich 420 Gm",₹280,4.3 out of 5 stars,101,https://www.amazon.in/ASAP-Wholegrain-Protein-Breakfast-Multigrain/dp/B08KWH1QHC/ref=sr_1_134?dchild=1&keywords=Muesli&qid=1628942982&sr=8-134
"Nourish Organics Multigrain Muesli, 300g",₹315,4.1 out of 5 stars,72,https://www.amazon.in/Nourish-Organics-Multigrain-Muesli-300g/dp/B07DX6XZZ4/ref=sr_1_135?dchild=1&keywords=Muesli&qid=1628942982&sr=8-135
"Gaia Crunchy Muesli Real Fruit - Flakes, Oats, Almond, Raisins & Real Fruit, Power-Packed Low Calorie Healthy Breakfast. 1KG Jar (Pack of 2)",₹850,4.4 out of 5 stars,70,https://www.amazon.in/GAIA-Real-Fruit-Crunchy-Muesli/dp/B0893YMJFW/ref=sr_1_136?dchild=1&keywords=Muesli&qid=1628942982&sr=8-136
"SIRIMIRI Premium Toasted Millet Muesli Protein Breakfast Loaded with Almonds and Raisins, 500 Grams - Gluten Free (with Natural Cardamom as Flavour )",₹418,4.2 out of 5 stars,177,https://www.amazon.in/SIRIMIRI-Premium-Toasted-Almonds-Raisins/dp/B075186DN9/ref=sr_1_137?dchild=1&keywords=Muesli&qid=1628942982&sr=8-137
"True Elements Muesli No Added Sugar 1kg + Muesli Fruit and Nuts 1kg - Skin Care Muesli Combo, Diet Food for Weight Loss","₹1,019",3.9 out of 5 stars,30,https://www.amazon.in/True-Elements-Breakfast-Muesli-Combo/dp/B07Q29XWQP/ref=sr_1_138?dchild=1&keywords=Muesli&qid=1628942982&sr=8-138
"True Elements Muesli No Added Sugar 1.2 kg - Wholegrain Cereal, Muesli Sugar Free, Diet Food",₹720,5.0 out of 5 stars,1,https://www.amazon.in/True-Elements-Muesli-Added-Sugar/dp/B0968QFXTH/ref=sr_1_139?dchild=1&fpw=pantry&keywords=Muesli&qid=1628942982&s=pantry&sr=8-139
"Millet Mantra Diet & Crunchy Nutty Delight Combo (600gm) - (Mantra for Weight Loss) A Soulfull Muesli with Oats, Millets, Jowar, Ragi, Almonds, Raisins, Fruit with No Added Sugar, A Perfect Diet Food",₹420,4.5 out of 5 stars,9,https://www.amazon.in/Millet-Muesli-Crunchy-Nutty-Delight/dp/B085ZKBP6C/ref=sr_1_140?dchild=1&keywords=Muesli&qid=1628942982&sr=8-140
True Elements Seeds and Berries Muesli 400gm - Immunity Booster Breakfast Cereal,₹260,4.2 out of 5 stars,83,https://www.amazon.in/True-Elements-Muesli-Seeds-Berries/dp/B079SWP5QM/ref=sr_1_141?dchild=1&keywords=Muesli&qid=1628942982&sr=8-141
Yogabar Wholegrain Breakfast Muesli - Almond + Quinoa Crunch|Pack of 2 |400gm Each,₹580,4.3 out of 5 stars,10,https://www.amazon.in/Yogabar-Wholegrain-Breakfast-Muesli-Almond/dp/B08PC5FM43/ref=sr_1_142?dchild=1&keywords=Muesli&qid=1628942982&sr=8-142
"Bagrrys Swiss Style Muesli, 500g",₹320,4.2 out of 5 stars,26,https://www.amazon.in/Bagrrys-Swiss-Style-Muesli-500g/dp/B078HPJVT2/ref=sr_1_143?dchild=1&fpw=pantry&keywords=Muesli&qid=1628942982&s=pantry&sr=8-143
"Kolln Muesli Crunchy Chocolate Brittle & Oats, 375 g",₹495,4.7 out of 5 stars,9,https://www.amazon.in/Kolln-Chocolate-Brittle-Oats-Muesli/dp/B00Q6OF0HW/ref=sr_1_144?dchild=1&keywords=Muesli&qid=1628942982&sr=8-144
"Urban Platter Quinoa Muesli, 500g",₹425,4.8 out of 5 stars,12,https://www.amazon.in/Urban-Platter-Quinoa-Natural-Preservative-Free/dp/B0771MGHG2/ref=sr_1_145?dchild=1&keywords=Muesli&qid=1628942982&sr=8-145
"Leanbeing Muesli Nut, Berries & Seeds Mix 400G | Gluten Free | Natural Breakfast Cereal |Naturally Sweetened",₹249,3.8 out of 5 stars,17,https://www.amazon.in/Leanbeing-Berries-Breakfast-Naturally-Sweetened/dp/B085YG8S1Y/ref=sr_1_146?dchild=1&keywords=Muesli&qid=1628942982&sr=8-146
Yogabar Breakfast Oats and Muesli | Fruits and Nuts Muesli | Dark Chocolate Flavour Premium Super Oats Combo Pack - 800 gm,₹385,,,https://www.amazon.in/Yogabar-Breakfast-Chocolate-Flavour-Premium/dp/B08Z82D8SP/ref=sr_1_147?dchild=1&keywords=Muesli&qid=1628942982&sr=8-147
"Soulfull Millet Muesli Combo- Crunchy, Diet, Fruit & Nut (400g*3)",₹679,4.1 out of 5 stars,19,https://www.amazon.in/Soulfull-Millet-Muesli-Combo-Crunchy/dp/B08CC59QZS/ref=sr_1_148?dchild=1&keywords=Muesli&qid=1628942982&sr=8-148
"True Elements Chatpati Muesli 400g - Healthy Snack, Wholegrain Breakfast, Iron Rich Muesli",₹285,4.1 out of 5 stars,46,https://www.amazon.in/True-Elements-Chatpati-Muesli-Chatpata/dp/B07PVRVY3Z/ref=sr_1_149?dchild=1&keywords=Muesli&qid=1628942982&sr=8-149
"Yogabar Wholegrain Breakfast Muesli Fruits, Nuts + Seeds, 400g (Oats & Muesli Combo - Fruits, Nuts & Seeds)",₹598,4.1 out of 5 stars,46,https://www.amazon.in/Yogabar-Wholegrain-Breakfast-Muesli-Fruits/dp/B08SHZ2XFY/ref=sr_1_150?dchild=1&keywords=Muesli&qid=1628942982&sr=8-150
"ASAP Wholegrain Muesli Fruitz| High Protein Breakfast Muesli with 83% Strawberry, Raisins, Dried Papaya, Apple & 5 Toasted Grains | Healthy Multigrain Muesli| Omega-3 & Fibre rich (420 g, Box)",₹210,4.0 out of 5 stars,45,https://www.amazon.in/ASAP-Wholegrain-Breakfast-Strawberry-Multigrain/dp/B08KWJ8T8Z/ref=sr_1_151?dchild=1&keywords=Muesli&qid=1628942982&sr=8-151
"Bagrry's Healthy Crunch Muesli, Almond n Raisin , 500 GM",₹320,4.4 out of 5 stars,152,https://www.amazon.in/Bagrrys-Almond-Raisin-Healty-Crunch/dp/B00JPV80SY/ref=sr_1_152?dchild=1&keywords=Muesli&qid=1628942982&sr=8-152
The Whole Truth - Breakfast Muesli - Almond Choco Crunch - 350g,₹280,4.0 out of 5 stars,108,https://www.amazon.in/gp/slredirect/picassoRedirect.html/ref=pa_sp_btf_aps_sr_pg3_1?ie=UTF8&adId=A04986601HNML78V37RVQ&url=%2FWhole-Truth-Breakfast-Muesli-Almond%2Fdp%2FB08YZ5PBDQ%2Fref%3Dsr_1_153_sspa%3Fdchild%3D1%26keywords%3DMuesli%26qid%3D1628942982%26sr%3D8-153-spons%26psc%3D1&qualifier=1628942982&id=4124406632909364&widgetName=sp_btf
"The Whole Truth - Breakfast Muesli - Nuts, Fruits and Seeds - 350g",₹280,4.2 out of 5 stars,152,https://www.amazon.in/gp/slredirect/picassoRedirect.html/ref=pa_sp_btf_aps_sr_pg3_1?ie=UTF8&adId=A014594516IDOH1U2UT5O&url=%2FWhole-Truth-Breakfast-Muesli-Fruits%2Fdp%2FB08YZ9JBNR%2Fref%3Dsr_1_154_sspa%3Fdchild%3D1%26keywords%3DMuesli%26qid%3D1628942982%26sr%3D8-154-spons%26psc%3D1&qualifier=1628942982&id=4124406632909364&widgetName=sp_btf
"Soulfull Millet Muesli Combo- Crunchy, Diet, Fruit & Nut (400g*3)",₹679,4.1 out of 5 stars,19,https://www.amazon.in/gp/slredirect/picassoRedirect.html/ref=pa_sp_btf_aps_sr_pg3_1?ie=UTF8&adId=A08282933BNMVD5JO41HR&url=%2FSoulfull-Millet-Muesli-Combo-Crunchy%2Fdp%2FB08CC59QZS%2Fref%3Dsr_1_155_sspa%3Fdchild%3D1%26keywords%3DMuesli%26qid%3D1628942982%26sr%3D8-155-spons%26psc%3D1&qualifier=1628942982&id=4124406632909364&widgetName=sp_btf
Nourish Organics Amaranth Muesli 280g,₹445,4.0 out of 5 stars,64,https://www.amazon.in/gp/slredirect/picassoRedirect.html/ref=pa_sp_btf_aps_sr_pg3_1?ie=UTF8&adId=A02779823PU6RU35GLZT2&url=%2FNourish-Organics-Amaranth-Muesli-300%2Fdp%2FB07DWYGDX3%2Fref%3Dsr_1_156_sspa%3Fdchild%3D1%26keywords%3DMuesli%26qid%3D1628942982%26sr%3D8-156-spons%26psc%3D1&qualifier=1628942982&id=4124406632909364&widgetName=sp_btf
